{
    "\u2605 StatTrak\u2122 Karambit | Marble Fade (Factory New)": {
        "yuan_price": 480.0,
        "usd_price": 66.89909759999999,
        "timestamp": "2025-07-10T14:11:44.063962+00:00"
    }
}