{
    "\u2605 Sport Gloves | Pandora's Box (Minimal Wear)": {
        "yuan_price": 450.0,
        "usd_price": 62.717904,
        "timestamp": "2025-07-10T14:11:43.862292+00:00"
    }
}