{
    "AWP | Gungnir (Field-Tested)": {
        "yuan_price": 280.0,
        "usd_price": 39.0244736,
        "timestamp": "2025-07-10T14:11:52.184739+00:00"
    }
}